{
  "illuminants": [
    "D55",
    "A"
  ],
  "look_gain": 1.0,
  "materials": {
    "skin": {
      "errors": {
        "D55": {
          "before_mean": 0.006156716293479096,
          "before_p95": 0.012252702035072756,
          "after_mean": 0.003330119243190204,
          "after_p95": 0.004616544120328288
        },
        "A": {
          "before_mean": 0.006988246152434081,
          "before_p95": 0.016882933442137493,
          "after_mean": 0.004033994156684157,
          "after_p95": 0.013877584220691304
        }
      },
      "confidence": 0.44092686732834974,
      "source": "dngscan_assets/spectral/demo_skin_reflectance.csv"
    },
    "foliage": {
      "errors": {
        "D55": {
          "before_mean": 0.032480893149590066,
          "before_p95": 0.040657229291011066,
          "after_mean": 0.0013643186492400918,
          "after_p95": 0.0028295862315670696
        },
        "A": {
          "before_mean": 0.031622372359681995,
          "before_p95": 0.038738720123772975,
          "after_mean": 0.0017934587466594879,
          "after_p95": 0.0034079135445253066
        }
      },
      "confidence": 0.9506407001129302,
      "source": "analytic foliage demo (red-edge family)"
    },
    "cyan": {
      "errors": {
        "D55": {
          "before_mean": 0.0377813765743641,
          "before_p95": 0.06451419276162235,
          "after_mean": 0.011545761730666935,
          "after_p95": 0.021962643879846606
        },
        "A": {
          "before_mean": 0.02140170885177509,
          "before_p95": 0.03748611723964668,
          "after_mean": 0.008314934893325469,
          "after_p95": 0.011885158822569322
        }
      },
      "confidence": 0.6529443358347335,
      "source": "dngscan_assets/spectral/demo_cyan_reflectance.csv"
    },
    "neutral": {
      "errors": {
        "D55": {
          "before_mean": 0.0006531336241709513,
          "before_p95": 0.0011950124129537043,
          "after_mean": 0.00023765710230627066,
          "after_p95": 0.0005408335795872834
        },
        "A": {
          "before_mean": 0.00047846403718495374,
          "before_p95": 0.0009640190970393376,
          "after_mean": 0.00021307406091254047,
          "after_p95": 0.0005330647161583499
        }
      },
      "confidence": 0.5953992944082274,
      "source": "analytic neutral ramps"
    },
    "magenta": {
      "errors": {
        "D55": {
          "before_mean": 0.014582537524268307,
          "before_p95": 0.02544433182018673,
          "after_mean": 0.0043404201018247095,
          "after_p95": 0.007986482757498421
        },
        "A": {
          "before_mean": 0.0035909405594742225,
          "before_p95": 0.009261436896706079,
          "after_mean": 0.006062461534351228,
          "after_p95": 0.010462443674723593
        }
      },
      "confidence": 0.351177475298748,
      "source": "analytic magenta dye demo"
    }
  },
  "leakage_d55_after_mean": {
    "skin": {
      "skin": 0.003330119243190204,
      "foliage": 0.014818685601661118,
      "cyan": 0.02679628942814894,
      "neutral": 0.0003063937489551269,
      "magenta": 0.03571397938925289
    },
    "foliage": {
      "skin": 0.0029430946464662428,
      "foliage": 0.0013643186492400918,
      "cyan": 0.02964144529131117,
      "neutral": 0.00042002610915041597,
      "magenta": 0.028439192732820816
    },
    "cyan": {
      "skin": 0.003246331530213828,
      "foliage": 0.024670923181633247,
      "cyan": 0.011545761730666935,
      "neutral": 0.0010834271885001754,
      "magenta": 0.0264686711819046
    },
    "neutral": {
      "skin": 0.010922109303337733,
      "foliage": 0.014250447240068352,
      "cyan": 0.03330228989158698,
      "neutral": 0.00023765710230627066,
      "magenta": 0.023024271621779207
    },
    "magenta": {
      "skin": 0.007522202212970998,
      "foliage": 0.03713267597226731,
      "cyan": 0.03372202757206916,
      "neutral": 0.0015442903529085518,
      "magenta": 0.0043404201018247095
    }
  }
}
