{
  "illuminants": [
    "D55",
    "A"
  ],
  "look_gain": 1.0,
  "materials": {
    "skin": {
      "errors": {
        "D55": {
          "before_mean": 0.007942260464371157,
          "before_p95": 0.015340531888396925,
          "after_mean": 0.0070348870443776934,
          "after_p95": 0.015161054982169648
        },
        "A": {
          "before_mean": 0.008108973248612233,
          "before_p95": 0.01329873753357467,
          "after_mean": 0.006251896410367001,
          "after_p95": 0.012166787435664345
        }
      },
      "confidence": 0.17163064189389887,
      "source": "dngscan_assets/spectral/demo_skin_reflectance.csv"
    },
    "foliage": {
      "errors": {
        "D55": {
          "before_mean": 0.00793319628910981,
          "before_p95": 0.012902445825766407,
          "after_mean": 0.0010512966887383755,
          "after_p95": 0.002512946414566797
        },
        "A": {
          "before_mean": 0.011218397935756973,
          "before_p95": 0.017948713344746906,
          "after_mean": 0.0015693637439301526,
          "after_p95": 0.0025685160801608496
        }
      },
      "confidence": 0.8637946776767208,
      "source": "analytic foliage demo (red-edge family)"
    },
    "cyan": {
      "errors": {
        "D55": {
          "before_mean": 0.027831266416974598,
          "before_p95": 0.06238608982630417,
          "after_mean": 0.018978733844201547,
          "after_p95": 0.04650149734564199
        },
        "A": {
          "before_mean": 0.03179549410817211,
          "before_p95": 0.047145818777290203,
          "after_mean": 0.005517687204966151,
          "after_p95": 0.011231854634683779
        }
      },
      "confidence": 0.5722709588339874,
      "source": "dngscan_assets/spectral/demo_cyan_reflectance.csv"
    },
    "neutral": {
      "errors": {
        "D55": {
          "before_mean": 0.0006776122983245535,
          "before_p95": 0.0017004407782017167,
          "after_mean": 0.00011570504691578443,
          "after_p95": 0.00023493980403922364
        },
        "A": {
          "before_mean": 0.0006649169533084906,
          "before_p95": 0.001438217774278765,
          "after_mean": 0.0001124227969666781,
          "after_p95": 0.00025239056111051896
        }
      },
      "confidence": 0.8300839968578799,
      "source": "analytic neutral ramps"
    },
    "magenta": {
      "errors": {
        "D55": {
          "before_mean": 0.020767581499287622,
          "before_p95": 0.022682718440878203,
          "after_mean": 0.0033814615726577915,
          "after_p95": 0.006170464304622693
        },
        "A": {
          "before_mean": 0.0097317313737427,
          "before_p95": 0.010589731499278571,
          "after_mean": 0.004204401160188148,
          "after_p95": 0.008096604477564108
        }
      },
      "confidence": 0.702572914281101,
      "source": "analytic magenta dye demo"
    }
  },
  "leakage_d55_after_mean": {
    "skin": {
      "skin": 0.0070348870443776934,
      "foliage": 0.0288393225551963,
      "cyan": 0.042149238508547425,
      "neutral": 0.001043760854526692,
      "magenta": 0.019069193993143413
    },
    "foliage": {
      "skin": 0.014871682756382457,
      "foliage": 0.0010512966887383755,
      "cyan": 0.02496868988005798,
      "neutral": 0.0008557663257526898,
      "magenta": 0.02103588717149932
    },
    "cyan": {
      "skin": 0.10227213089418451,
      "foliage": 0.004345353646799984,
      "cyan": 0.018978733844201547,
      "neutral": 0.0021914663375740173,
      "magenta": 0.012421363071439573
    },
    "neutral": {
      "skin": 0.014853096894015582,
      "foliage": 0.018477151513345287,
      "cyan": 0.021476395380110692,
      "neutral": 0.00011570504691578443,
      "magenta": 0.041439740402832874
    },
    "magenta": {
      "skin": 0.05387654968618819,
      "foliage": 0.04003235154794312,
      "cyan": 0.04659532008953078,
      "neutral": 0.0018331629250843823,
      "magenta": 0.0033814615726577915
    }
  }
}
